funding_source,drilling_contractor
Scottish Government,OG Madzi
Scottish Government,OG Madzi
Scottish Government,OG Madzi
Scottish Government,OG Madzi
Scottish Government,OG Madzi
Scottish Government,OG Madzi
Scottish Government,OG Madzi
Scottish Government,OG Madzi
Scottish Government,OG Madzi
Scottish Government,OG Madzi
Scottish Government,OG Madzi
Scottish Government,OG Madzi
Scottish Government,OG Madzi
Scottish Government,OG Madzi
Scottish Government,OG Madzi
Scottish Government,OG Madzi
Scottish Government,OG Madzi
Scottish Government,OG Madzi
Scottish Government,OG Madzi
One Foundation,Eazy borehole drilling Company
Scottish Government,OG Madzi
One Foundation,Eazy borehole drilling Company
One Alliance,Eazy borehole drilling Company
One Foundation,Eazy borehole drilling Company
One Foundation,Eazy borehole drilling Company
One Foundation,Eazy borehole drilling Company
One Foundation,Saifro Limited
One Foundation,Saifro Limited
One Foundation,Saifro Limited
One Foundation,Saifro Limited
One Foundation,Saifro Limited
One Foundation,Saifro Limited
One Foundation,Saifro Limited
One Foundation,Saifro Limited
One Foundation,Saifro Limited
One Foundation,Saifro Limited
One Foundation,Saifro Limited
One Foundation,Saifro Limited
One Foundation,Saifro Limited
One Foundation,Saifro Limited
One Foundation,Saifro Limited
One Foundation,Saifro Limited
One Foundation,Saifro Limited
One Foundation,Saifro Limited
One Foundation,Saifro Limited
One Foundation,Saifro Limited
One Foundation,Saifro Limited
One Foundation,Saifro Limited
One Foundation,Saifro Limited
One Foundation,Saifro Limited
One Foundation,Saifro Limited
One Foundation,Saifro Limited
One Foundation,Saifro Limited
One Foundation,Saifro Limited
One Foundation,Saifro Limited
One Foundation,Saifro Limited
One Foundation,Saifro Limited
One Foundation,Saifro Limited
Kindy Project,Water Way Malawi
Kindy Project,Water Way Malawi
Kindy Project,Water Way Malawi
Kindy Project,Water Way Malawi
Kindy Project,Water Way Malawi
Habitat for Humanity,Nditha Drilling and Civil contractors
Habitat for Humanity,Nditha Drilling and Civil contractors
Habitat for Humanity and German Government,Nditha Drilling and Civil contractors
Habitat for Humanity and German Government,Nditha Drilling and Civil contractors
Habitat for Humanity and German Government,Nditha Drilling and Civil contractors
Habitat for Humanity and German Government,Nditha Drilling and Civil contractors
Habitat for Humanity and German Government,Nditha Drilling and Civil contractors
Habitat for Humanity and German Government,Nditha Drilling and Civil contractors
Habitat for Humanity and German Government,Nditha Drilling and Civil contractors
Habitat for Humanity and German Government,Nditha Drilling and Civil contractors
Habitat for Humanity and German Government,Nditha Drilling and Civil contractors
Habitat for Humanity and German Government,Nditha Drilling and Civil contractors
Habitat for Humanity and German Government,Nditha Drilling and Civil contractors
One Foundation,Blue Water Drilling Ltd
One Foundation,Blue Water Drilling Ltd
One Foundation,Blue Water Drilling Ltd
One Foundation,Blue Water Drilling Ltd
One Foundation,Blue Water Drilling Ltd
One Foundation,Blue Water Drilling Ltd
One Foundation,Blue Water Drilling Ltd
One Foundation,Blue Water Drilling Ltd
One Foundation,Blue Water Drilling Ltd
One Foundation,Blue Water Drilling Ltd
One Foundation,Blue Water Drilling Ltd
One Foundation,Blue Water Drilling Ltd
One Foundation,Blue Water Drilling Ltd
One Foundation,Blue Water Drilling Ltd
One Foundation,Blue Water Drilling Ltd
One Foundation,Blue Water Drilling Ltd
One Foundation,Blue Water Drilling Ltd
One Foundation,Blue Water Drilling Ltd
One Foundation,Blue Water Drilling Ltd
One Foundation,Blue Water Drilling Ltd
One Foundation,Blue Water Drilling Ltd
One Foundation,Blue Water Drilling Ltd
One Foundation,Blue Water Drilling Ltd
Post code,GIMM water experts and drilling
Post code,GIMM water experts and drilling
Post code,GIMM water experts and drilling
Post code,GIMM water experts and drilling
Post code,GIMM water experts and drilling
Post code,GIMM water experts and drilling
Post code,GIMM water experts and drilling
Post code,GIMM water experts and drilling
Habitat for Humanity,China Gansu
Habitat for Humanity,China Gansu
Post code,China Gansu
Post code,China Gansu
Post code,China Gansu
Habitat for Humanity,China Gansu
Post code,China Gansu
Post code,China Gansu
Post code,China Gansu
One Foundation,Blue Water Drilling Ltd
One Foundation,Blue Water Drilling Ltd
One Foundation,Blue Water Drilling Ltd
One Foundation,Blue Water Drilling Ltd
GALE family,Nyaungano Drilling company
,
One Foundation,Blue Water Drilling Ltd
One Foundation,Blue Water Drilling Ltd
One Foundation,Blue Water Drilling Ltd
One Foundation,Blue Water Drilling Ltd
One Foundation,Blue Water Drilling Ltd
One Foundation,Blue Water Drilling Ltd
One Foundation,Blue Water Drilling Ltd
Habitat for Humanity,Mthunzi Wa Kachere
Habitat for Humanity,Dec Construction
Habitat for Humanity,Dec Construction
Habitat for Humanity,Dec Construction
Habitat for Humanity,Dec Construction
Habitat for Humanity,Dec Construction
Habitat for Humanity,Dec Construction
Habitat for Humanity,Dec Construction
Habitat for Humanity,Dec Construction
Habitat for Humanity,Dec Construction
Dr Rochelle Holm,Patel and Ghodaniya
Dr Rochelle Holm,Patel and Ghodaniya
SADC - GMI,Blue Water Drilling Ltd
SADC - GMI,Blue Water Drilling Ltd
SADC - GMI,Blue Water Drilling Ltd
SADC - GMI,Blue Water Drilling Ltd
SADC - GMI,Blue Water Drilling Ltd
Hilton Foundation,Rymech
Hilton Foundation,Rymech
Hilton Foundation,Rymech
Hilton Foundation,Rymech
,
Hilton Foundation,Rymech
Hilton Foundation,Rymech
Hilton Foundation,Rymech
Hilton Foundation,Rymech
Hilton Foundation,Rymech
Hilton Foundation,Rymech
